Don't Ask Why, https://open.spotify.com/track/3YsLo6O3bxt0NhsDOgxBAd
Lakers Town (feat. Michael McBolton), https://open.spotify.com/track/4QMipGuTpebExVmTOA2s3C
Home, https://open.spotify.com/track/2qPSa6HXjzwa9sLhNGpA1T
Blow My Cover, https://open.spotify.com/track/4NIUFVZMIbJ7D7XffrH45W
Future Me Hates Me - Live, https://open.spotify.com/track/5xiCR2zkUdHfqEwYebI9nF
You Better Run, https://open.spotify.com/track/5qwdIO55XtliaaSs9ccptC
No News No Blues, https://open.spotify.com/track/4uvUEE8EtbiJxBcB45XURq
It Will Come In Time, https://open.spotify.com/track/1zRhXw3y1qo1692z3LH8lI
Addiction, https://open.spotify.com/track/5VzeI5JM2y9t21JwrWAnkH
Quitting You (feat. Mandark), https://open.spotify.com/track/0PIhl3itjcEjwhczcElGJW
Love Breaks Down - Extended Dancefloor Edit, https://open.spotify.com/track/4JcV7vLspLtkSJOvyD1jXW
Scooby Doo, https://open.spotify.com/track/6DD5beNG6Ji3AYp5WrYnwD
Jazz In My, https://open.spotify.com/track/6sYm1J6qpDXi0aEbDZmLMg
Peach, https://open.spotify.com/track/4w9soAM7IrmYDhSXLp14p6
With A Little Help From My Friends - Poppin Mix, https://open.spotify.com/track/1m0WIodfeFyevAYuHsWk0w
Little Match Girl, https://open.spotify.com/track/28TRiXOS7urvH9SZR8OJW6
Rolling Back, https://open.spotify.com/track/335EcT0oI5889ZgM0q413d
HAPPY FOR YOU, https://open.spotify.com/track/68z9t6zihQgqzBGtexjTRG
Rolling Back, https://open.spotify.com/track/335EcT0oI5889ZgM0q413d
HAPPY FOR YOU, https://open.spotify.com/track/68z9t6zihQgqzBGtexjTRG
Downsize, https://open.spotify.com/track/1rtvSIvOZkw2YLkZku0DCh
???????, https://open.spotify.com/track/6M7AAlh5yt5YHgyLP0pzR3
???, https://open.spotify.com/track/3QiAAp20rPC3dcAtKtMaqQ
Try (Reprise), https://open.spotify.com/track/6GgQECEj7DQlEkJP6kOFnS
Lonely, https://open.spotify.com/track/6ls5ulRydoPE7oWGPGBqFA
Pound Town, https://open.spotify.com/track/26cQkxTmCeXaKoOLnIMR26
Lovely, https://open.spotify.com/track/0EqczV3o6fwksegAavIHpX
No Guns, https://open.spotify.com/track/7BN5emnco3opS6u3baUuR1
Air Conditioner, https://open.spotify.com/track/41gpULppid9CBknIuRWH6r
fluorescent, https://open.spotify.com/track/7e8utCy2JlSB8dRHKi49xM
Work Day, https://open.spotify.com/track/6NXLFtn6k1V3M1VwtEQdBQ
ALieNNatioN, https://open.spotify.com/track/7zpHInsypgrnY9zTeCXtI4
Baby, https://open.spotify.com/track/5ygDXis42ncn6kYG14lEVG
????? (feat. ??? & ???), https://open.spotify.com/track/2Zo1PcszsT9WQ0ANntJbID
Real Friends, https://open.spotify.com/track/66Q3fAmSX5eHamgbKa9alP
The Kid, https://open.spotify.com/track/1r8ZCjfrQxoy2wVaBUbpwg
Homebody, https://open.spotify.com/track/4pcgOnRhCaNBOz5e0xcyWg
Out of Time, https://open.spotify.com/track/2SLwbpExuoBDZBpjfefCtV
quarterlife, https://open.spotify.com/track/5qM8NWUsRQ1xztraiBgn0g
Summertimes, https://open.spotify.com/track/7eOuUmpnHBlg5zsm8Cs7c3
Carrie, https://open.spotify.com/track/0ZUo4YjG4saFnEJhdWp9Bt
Irene, https://open.spotify.com/track/3cbV252akVZInSvJk7jAYX
Getting Older, https://open.spotify.com/track/4HOryCnbme0zBnF8LWij3f
3am Kawaii, https://open.spotify.com/track/3SboZpbqC5lM2T7c55xacF
Waiting Is A Waste, https://open.spotify.com/track/23lw0TWJHsenU54gom8xbC
Brand New Nowhere, https://open.spotify.com/track/0pznRgpmNQXRZYCG6uYhNP
Stay in Bed and F*** (While The World Burns), https://open.spotify.com/track/48Fay3dHGH3KKYsm4p2c8p
?gucci???????prada prada?dior, https://open.spotify.com/track/23lqq1QDQ7gK79lUrnuE02
On and On, https://open.spotify.com/track/2uZWffKoemZDI0gHcBEcDc
I Can't Answer That, https://open.spotify.com/track/3UkWgTbTdxYlGchZQEVu1A
GREEN HORIZON, https://open.spotify.com/track/4tjoRdZYO1P1PqVYaWli72
Arms and Legs, https://open.spotify.com/track/1tiTdyYVbE4JR6Kcn8EApF
Please Baby Please, https://open.spotify.com/track/7vxWs5YKz38NZNPqclFsFD
If Standing Was Flying, https://open.spotify.com/track/6AvP6fdLQFmUy3rRiZSJEW
OUT OF CONTEXT, https://open.spotify.com/track/3D7gWaRnr2l7zBpimOXLam
Attitude, https://open.spotify.com/track/3zBuFkWwxbraG7ZlsNc9Hr
Hurts So Bad - with Josh Teskey, https://open.spotify.com/track/096BuPZG4gYg7TCm9q0cai
Every Day and Every Night, https://open.spotify.com/track/18WMlv400ZLzVuW33m8CGN
Jimmy, https://open.spotify.com/track/3F5CgOj3wFlRv51JsHbxhe
Speaking Silence, https://open.spotify.com/track/6idySHlhk5OPcfjF7VeunK
Vedamalady, https://open.spotify.com/track/5TCo8l3nXGpzYF9yxCaKBv
Circles, https://open.spotify.com/track/21jGcNKet2qwijlDFuPiPb
In Water, https://open.spotify.com/track/7buVgoz5lA424pvZsbenw4
Black Bear Lane, https://open.spotify.com/track/2EW0wwl6un7WXMgajiZQoa
All That I Need, https://open.spotify.com/track/1YEc4P48PIWSPNip6FaI3T
Chillaxing, https://open.spotify.com/track/3mcNc5zX04jlkSB03Sfg5V
Inside, https://open.spotify.com/track/6WlmEymaXKMRs3D2c4j6os
Man in the Mirror, https://open.spotify.com/track/2u2udGmop1z67EPpr91km7
Crying, https://open.spotify.com/track/6eLL7QTdMWdhhG4i3jHDR9
Aegis, https://open.spotify.com/track/1ghCS63AbOvpo9j4NpPHap
Vegemite, https://open.spotify.com/track/3qEFu8RADO3QF722CtshHm
omw, https://open.spotify.com/track/7CanFKpPTEgaxqIu6RXBIf
Morning Coffee, https://open.spotify.com/track/6zvtPVptAvY6wRbkPGLKff
Conjunction Junction, https://open.spotify.com/track/3EEiCf8qXklctn4OoG11Mb
you right x luxurious - sped up + reverb, https://open.spotify.com/track/5xt8gXqenZmCl8F5NSnaA5
Gimme, https://open.spotify.com/track/6ic8OlLUNEATToEFU3xmaH
Leaning on You, https://open.spotify.com/track/1BsEKaermhlrzSQpouxlmM
Over, https://open.spotify.com/track/03eyNjBM2mpx28H6kdaufN
Leave It In My Dreams, https://open.spotify.com/track/31u6rUeIEXGrYVoh10U7eu
On Top of the World, https://open.spotify.com/track/6KuHjfXHkfnIjdmcIvt9r0
Still Life, https://open.spotify.com/track/3TSLqZssCoCdDlMhCJ08XW
??????? - Demo, https://open.spotify.com/track/3LlAyCYU26dvFZBDUIMb7a
???, https://open.spotify.com/track/3QiAAp20rPC3dcAtKtMaqQ
Watching The Credits, https://open.spotify.com/track/65yCbkRvxWK69hV6ORTK7t
The Fun Machine Took A Shit and Died, https://open.spotify.com/track/7wMEAJQ8BHSGRyFjXyCPpj
Texting Me, https://open.spotify.com/track/5pf4HcBcL8CpCXNPs4vLiN
Everybody, https://open.spotify.com/track/4RvWPyQ5RL0ao9LPZeSouE
Shoulda, https://open.spotify.com/track/7tAq0hZtDzyE7KWGcRYkhS
I'm Leavin' (The Na-Na Song), https://open.spotify.com/track/23375X0SDPn584EseVu41H
"The Light Shines Brightest In The Dark From ""Marlowe"" - From ""Marlowe""", https://open.spotify.com/track/3zQ2vKWOflKo0wH6PyvfP2
live forever, https://open.spotify.com/track/5IfBLN9VPPJOwcKmAZhdXe
Love Breaks Down, https://open.spotify.com/track/4FT2rFLbJhgjnzZS1RogiC
Rain, https://open.spotify.com/track/01apQz7E72krU1k1b4VWs7
Danny Came Up, https://open.spotify.com/track/20XP4cNm8wqTXgi6iikmHw
Brother To Brother, https://open.spotify.com/track/4OJPhocbXBf2amGoTg1pCF
Johan Von Bronx, https://open.spotify.com/track/3dWaDHwsvudH9vywNjVUVf
You Can Be Your Silhouette, https://open.spotify.com/track/6KNMdvLEn7CSaFjAPfGz2h
Rearrange Us, https://open.spotify.com/track/1uZIL52W5zXEF55fCh5lqP
Grammy, https://open.spotify.com/track/5e574bhjycX1eH2l4Auage
Cocoa Butter, https://open.spotify.com/track/0aMHIW1lqrulVCx0LLlr6a
