Don't Ask Why;Katzï¿½ Oso
Lakers Town (feat. Michael McBolton);Joey Dosik
Home;Violet Crime
Blow My Cover;Ansley Stewart
Future Me Hates Me - Live;The Beths
You Better Run;Delta Maid
No News No Blues;Paul Cherry
It Will Come In Time;Benny Sings
Addiction;Nina Tonji
Quitting You (feat. Mandark);Yo Lee
Love Breaks Down - Extended Dancefloor Edit;PREP
Scooby Doo;DaDood
Jazz In My;Samuel Seo
Peach;Aaron Childs
With A Little Help From My Friends - Poppin Mix;Omarion
Little Match Girl;Masiwei
Rolling Back;Young Gun Silver Fox
HAPPY FOR YOU;RIVER
Rolling Back;Young Gun Silver Fox
HAPPY FOR YOU;RIVER
Downsize;Mills
???????;??? Lilice
???;?? Ryan
Try (Reprise);Lawrence
Lonely;Local Nomad
Pound Town;Yuno Miles
Lovely;c a n d i d !
No Guns;Cory Henry
Air Conditioner;?? AC
fluorescent;motifs
Work Day;Harrison Finks
ALieNNatioN;The Voidz
Baby;Drugdealer
????? (feat. ??? & ???);??? Lilice
Real Friends;gianni & kyle
The Kid;PREP
Homebody;ROZES
Out of Time;Isak Thomas and The Stoop Boys
quarterlife;Mikey Jose
Summertimes;L8ching
Carrie;PREP
Irene;Beach House
Getting Older;Adam Lambert
3am Kawaii;MIDNIGHT BLXNDE
Waiting Is A Waste;Mina Okabe
Brand New Nowhere;Mandy Moore
Stay in Bed and F*** (While The World Burns);Jonathan Roy
?gucci???????prada prada?dior;?? Ryan
On and On;PREP
I Can't Answer That;PREP
GREEN HORIZON;punchnello
Arms and Legs;Horsey
Please Baby Please;Pamungkas
If Standing Was Flying;Stephen Day
OUT OF CONTEXT;Devon
Attitude;Alex Newell
Hurts So Bad - with Josh Teskey;WILSN
Every Day and Every Night;WILSN
Jimmy;love-sadKID
Speaking Silence;PREP
Vedamalady;The Mars Volta
Circles;Wyn Starks
In Water;Bay Ledges
Black Bear Lane;Couch
All That I Need;Grace Kelly
Chillaxing;Amber An
Inside;Melt
Man in the Mirror;Squeeze House
Crying;King Gizzard & The Lizard Wizard
Aegis;The Mars Volta
Vegemite;King Gizzard & The Lizard Wizard
omw;Ashe
Morning Coffee;Isak Thomas and The Stoop Boys
Conjunction Junction;Couch
you right x luxurious - sped up + reverb;pearl
Gimme;GOT7
Leaning on You;PREP
Over;PREP
Leave It In My Dreams;The Voidz
On Top of the World;Stephen Day
Still Life;Brasstracks
??????? - Demo;Yo Lee
???;??
Watching The Credits;The Beths
The Fun Machine Took A Shit and Died;Queens of the Stone Age
Texting Me;yunomarr
Everybody;Spencer Sutherland
Shoulda;Erez Zobary
I'm Leavin' (The Na-Na Song);Couch
"The Light Shines Brightest In The Dark From ""Marlowe"" - From ""Marlowe""";Jon Batiste
live forever;almost monday
Love Breaks Down;PREP
Rain;PREP
Danny Came Up;PREP
Brother To Brother;Gino Vannelli
Johan Von Bronx;The Voidz
You Can Be Your Silhouette;King Gizzard & The Lizard Wizard
Rearrange Us;Mt. Joy
Grammy;AJ Smith
Cocoa Butter;Trip Carter